{"precision": [0.07142857142857142, 0.3, 0.1568627450980392, 0.10810810810810811, 0.14285714285714285, 0.09090909090909091, 0.125, 0.13636363636363635], "recall": [0.08333333333333333, 0.3333333333333333, 0.17391304347826086, 0.09523809523809523, 0.13333333333333333, 0.10526315789473684, 0.10526315789473684, 0.10344827586206896], "accuracy": [0.176056338028169], "f1_score": [0.1415408687342776]}