{"precision": [0.0, 0.34210526315789475, 0.4, 0.3125, 0.4186046511627907, 0.2, 0.125, 0.22580645161290322], "recall": [0.0, 0.18055555555555555, 0.2608695652173913, 0.35714285714285715, 0.4, 0.5789473684210527, 0.15789473684210525, 0.2413793103448276], "accuracy": [0.27816901408450706], "f1_score": [0.2622031111390824]}