{"precision": [0.75, 0.6413043478260869, 0.5172413793103449, 0.7586206896551724, 0.8378378378378378, 0.52, 0.6363636363636364, 0.7916666666666666], "recall": [0.5, 0.8194444444444444, 0.6521739130434783, 0.5238095238095238, 0.6888888888888889, 0.6842105263157895, 0.3684210526315789, 0.6551724137931034], "accuracy": [0.6584507042253521], "f1_score": [0.6446714126997782]}