{"precision": [0.6666666666666666, 0.725, 0.5714285714285714, 0.7419354838709677, 0.7894736842105263, 0.4827586206896552, 0.7272727272727273, 0.6666666666666666], "recall": [0.5, 0.8055555555555556, 0.6956521739130435, 0.5476190476190477, 0.6666666666666666, 0.7368421052631579, 0.42105263157894735, 0.6896551724137931], "accuracy": [0.6725352112676056], "f1_score": [0.651571548721233]}