{"precision": [0.5, 0.7108433734939759, 0.6382978723404256, 0.6774193548387096, 0.7333333333333333, 0.5277777777777778, 0.5333333333333333, 0.8181818181818182], "recall": [0.3, 0.8428571428571429, 0.6818181818181818, 0.6, 0.6226415094339622, 0.6551724137931034, 0.5, 0.6428571428571429], "accuracy": [0.6701754385964912], "f1_score": [0.6234928535443464]}