{"precision": [0.4, 0.7125, 0.5454545454545454, 0.6363636363636364, 0.8, 0.65, 0.7777777777777778, 0.71875], "recall": [0.5, 0.7916666666666666, 0.6521739130434783, 0.5, 0.7111111111111111, 0.6842105263157895, 0.3684210526315789, 0.7931034482758621], "accuracy": [0.6654929577464789], "f1_score": [0.6397438158520494]}