{"precision": [0.42857142857142855, 0.7195121951219512, 0.6444444444444445, 0.6774193548387096, 0.7391304347826086, 0.5405405405405406, 0.6153846153846154, 0.875], "recall": [0.3, 0.8428571428571429, 0.6590909090909091, 0.6, 0.6415094339622641, 0.6896551724137931, 0.5, 0.75], "accuracy": [0.6842105263157895], "f1_score": [0.638541277064923]}